{"cameraMode":{"drawMode":0,"name":"Shaded","section":"Shading Mode"},"sceneLighting":false,"audioPlay":false,"sceneViewState":{"showFog":true,"showMaterialUpdate":false,"showSkybox":false,"showFlares":true,"showImageEffects":true,"showParticleSystems":true},"in2DMode":false,"pivot":{"x":-0.10421024262905121,"y":1.0021638870239258,"z":0.49747276306152346},"rotation":{"x":-0.008251645602285862,"y":0.974395751953125,"z":-0.22179588675498963,"w":-0.03626235947012901},"size":1.3994379043579102,"orthographic":false}