{"cameraMode":{"drawMode":0,"name":"Shaded","section":"Shading Mode"},"sceneLighting":true,"audioPlay":false,"sceneViewState":{"showFog":true,"showMaterialUpdate":false,"showSkybox":true,"showFlares":true,"showImageEffects":true,"showParticleSystems":true},"in2DMode":false,"pivot":{"x":-0.02639186382293701,"y":3.152158498764038,"z":-19.822608947753908},"rotation":{"x":-0.0014998955884948373,"y":-0.01170364860445261,"z":-0.000017551596101839095,"w":0.9999305009841919},"size":6.284449100494385,"orthographic":false}